employee_id,name,email,department,title,manager_id,status,hire_date,termination_date
E1001,Paula Taylor,paula.taylor@northwind.example,Executive,CEO,,Active,2020-11-02,
E1002,Elena Álvarez,elena.alvarez@northwind.example,Finance,Head of Finance,E1001,Active,2020-05-14,
E1003,Iván Romero,ivan.romero@northwind.example,Finance,AP Clerk,E1002,Terminated,2024-08-13,2026-06-27
E1004,Elena Johnson,elena.johnson@northwind.example,Finance,AP Clerk,E1002,Active,2021-08-06,
E1005,Hugo Torres,hugo.torres@northwind.example,Finance,AP Clerk,E1002,Active,2025-08-14,
E1006,Ethan Miller,ethan.miller@northwind.example,Finance,AP Manager,E1002,Active,2023-03-21,
E1007,Benjamín Herrera,benjamin.herrera@northwind.example,Finance,Accountant,E1002,Active,2021-12-26,
E1008,Iván Suárez,ivan.suarez@northwind.example,Finance,Accountant,E1002,Terminated,2023-07-23,2026-08-03
E1009,Mía Romero,mia.romero@northwind.example,Finance,Accountant,E1002,Active,2022-06-19,
E1010,Emily Medina,emily.medina@northwind.example,Finance,Controller,E1002,Active,2025-10-11,
E1011,Chloe Acosta,chloe.acosta@northwind.example,Finance,Financial Analyst,E1002,Active,2021-01-10,
E1012,Mía Walker,mia.walker@northwind.example,Finance,AP Clerk,E1002,Active,2024-12-01,
E1013,Diego Benítez,diego.benitez@northwind.example,Finance,AP Clerk,E1002,Active,2020-06-22,
E1014,Grace Castro,grace.castro@northwind.example,Finance,AP Clerk,E1002,Active,2023-01-26,
E1015,Felipe Álvarez,felipe.alvarez@northwind.example,Finance,AP Manager,E1002,Active,2021-09-17,
E1016,Hugo Moore,hugo.moore@northwind.example,Finance,Accountant,E1002,Active,2025-09-29,
E1017,Victoria García,victoria.garcia@northwind.example,Finance,Accountant,E1002,Active,2024-12-11,
E1018,Bruno Díaz,bruno.diaz@northwind.example,Engineering,VP Engineering,E1001,Active,2026-03-09,
E1019,Iván Miller,ivan.miller@northwind.example,Engineering,Software Engineer,E1018,Terminated,2024-12-12,2026-05-03
E1020,Isabella Herrera,isabella.herrera@northwind.example,Engineering,Software Engineer,E1018,Terminated,2020-07-08,2026-03-04
E1021,Zoe Medina,zoe.medina@northwind.example,Engineering,Senior Software Engineer,E1018,Active,2024-06-17,
E1022,Mateo Suárez,mateo.suarez@northwind.example,Engineering,Staff Engineer,E1018,Active,2021-11-16,
E1023,Isabella Silva,isabella.silva@northwind.example,Engineering,Engineering Manager,E1018,Active,2025-06-21,
E1024,Valentina Clark,valentina.clark@northwind.example,Engineering,QA Engineer,E1018,Leave,2024-08-11,
E1025,Daniel Suárez,daniel.suarez@northwind.example,Engineering,Software Engineer,E1018,Active,2021-12-25,
E1026,Emily Taylor,emily.taylor@northwind.example,Engineering,Software Engineer,E1018,Active,2023-10-24,
E1027,Paula Morales,paula.morales@northwind.example,Engineering,Senior Software Engineer,E1018,Active,2023-05-09,
E1028,Daniel Martínez,daniel.martinez@northwind.example,Engineering,Staff Engineer,E1018,Active,2020-09-23,
E1029,Agustín Suárez,agustin.suarez@northwind.example,Engineering,Engineering Manager,E1018,Active,2020-10-25,
E1030,Grace García,grace.garcia@northwind.example,Engineering,QA Engineer,E1018,Active,2022-07-20,
E1031,Olivia Smith,olivia.smith@northwind.example,Engineering,Software Engineer,E1018,Active,2024-09-15,
E1032,Leo López,leo.lopez@northwind.example,Engineering,Software Engineer,E1018,Active,2022-06-23,
E1033,Daniel García,daniel.garcia@northwind.example,Engineering,Senior Software Engineer,E1018,Active,2024-01-24,
E1034,Sofía Castro,sofia.castro@northwind.example,Engineering,Staff Engineer,E1018,Active,2023-09-20,
E1035,Camila Acosta,camila.acosta@northwind.example,Engineering,Engineering Manager,E1018,Active,2021-09-19,
E1036,Lucía Brown,lucia.brown@northwind.example,Engineering,QA Engineer,E1018,Active,2024-04-02,
E1037,Sofía Silva,sofia.silva@northwind.example,Engineering,Software Engineer,E1018,Active,2020-08-20,
E1038,Olivia Moore,olivia.moore@northwind.example,Engineering,Software Engineer,E1018,Active,2025-07-27,
E1039,Luna Sosa,luna.sosa@northwind.example,Engineering,Senior Software Engineer,E1018,Active,2022-09-03,
E1040,Grace Morales,grace.morales@northwind.example,Engineering,Staff Engineer,E1018,Active,2025-05-19,
E1041,Clara Walker,clara.walker@northwind.example,Engineering,Engineering Manager,E1018,Active,2025-04-13,
E1042,Martín Ruiz,martin.ruiz@northwind.example,Engineering,QA Engineer,E1018,Active,2025-05-26,
E1043,Santiago Smith,santiago.smith@northwind.example,Engineering,Software Engineer,E1018,Active,2024-07-15,
E1044,Hugo Morales,hugo.morales@northwind.example,Engineering,Software Engineer,E1018,Active,2020-10-24,
E1045,Clara Rojas,clara.rojas@northwind.example,Engineering,Senior Software Engineer,E1018,Active,2025-07-16,
E1046,Mía Rojas,mia.rojas@northwind.example,Engineering,Staff Engineer,E1018,Active,2025-08-14,
E1047,Iván Davis,ivan.davis@northwind.example,Engineering,Engineering Manager,E1018,Active,2022-04-15,
E1048,Elena Walker,elena.walker@northwind.example,Engineering,QA Engineer,E1018,Active,2022-02-18,
E1049,Victoria Torres,victoria.torres@northwind.example,Engineering,Software Engineer,E1018,Active,2020-10-27,
E1050,Clara Acosta,clara.acosta@northwind.example,Sales,VP Sales,E1001,Active,2023-12-11,
E1051,Gabriel Suárez,gabriel.suarez@northwind.example,Sales,Account Executive,E1050,Terminated,2022-06-10,2026-09-18
E1052,Sofía Acosta,sofia.acosta@northwind.example,Sales,Account Executive,E1050,Terminated,2025-11-04,2026-08-21
E1053,Diego Sosa,diego.sosa@northwind.example,Sales,Sales Development Rep,E1050,Terminated,2023-07-20,2026-07-17
E1054,Isabella Davis,isabella.davis@northwind.example,Sales,Sales Operations Manager,E1050,Active,2023-08-26,
E1055,Zoe García,zoe.garcia@northwind.example,Sales,Account Executive,E1050,Active,2020-09-10,
E1056,Diego Davis,diego.davis@northwind.example,Sales,Account Executive,E1050,Active,2026-04-18,
E1057,Santiago Castro,santiago.castro@northwind.example,Sales,Sales Development Rep,E1050,Active,2021-12-18,
E1058,Lucía Martínez,lucia.martinez@northwind.example,Sales,Sales Operations Manager,E1050,Active,2024-04-04,
E1059,Julia Wilson,julia.wilson@northwind.example,Sales,Account Executive,E1050,Active,2021-04-01,
E1060,Isabella Castro,isabella.castro@northwind.example,Sales,Account Executive,E1050,Active,2025-05-22,
E1061,Renata Smith,renata.smith@northwind.example,Sales,Sales Development Rep,E1050,Active,2023-08-27,
E1062,Noah Davis,noah.davis@northwind.example,Sales,Sales Operations Manager,E1050,Active,2020-06-11,
E1063,Grace Silva,grace.silva@northwind.example,Sales,Account Executive,E1050,Active,2020-03-30,
E1064,Julia Herrera,julia.herrera@northwind.example,Sales,Account Executive,E1050,Active,2021-02-20,
E1065,Elena Smith,elena.smith@northwind.example,Sales,Sales Development Rep,E1050,Active,2025-04-22,
E1066,Martín Torres,martin.torres@northwind.example,Sales,Sales Operations Manager,E1050,Active,2020-10-05,
E1067,Tomás Suárez,tomas.suarez@northwind.example,Sales,Account Executive,E1050,Active,2024-03-01,
E1068,Renata Davis,renata.davis@northwind.example,Sales,Account Executive,E1050,Active,2021-11-02,
E1069,Paula Acosta,paula.acosta@northwind.example,Sales,Sales Development Rep,E1050,Active,2026-01-27,
E1070,Emily Castro,emily.castro@northwind.example,Customer Support,Head of Support,E1001,Active,2021-04-06,
E1071,Santiago Torres,santiago.torres@northwind.example,Customer Support,Support Agent,E1070,Terminated,2023-10-07,2026-09-05
E1072,Elena Clark,elena.clark@northwind.example,Customer Support,Support Agent,E1070,Terminated,2020-12-15,2026-08-01
E1073,Joaquín Castro,joaquin.castro@northwind.example,Customer Support,Support Agent,E1070,Active,2025-11-22,
E1074,Iván Álvarez,ivan.alvarez@northwind.example,Customer Support,Support Team Lead,E1070,Active,2020-09-18,
E1075,James Medina,james.medina@northwind.example,Customer Support,Support Agent,E1070,Active,2023-10-18,
E1076,Renata Miller,renata.miller@northwind.example,Customer Support,Support Agent,E1070,Active,2020-07-20,
E1077,Paula Álvarez,paula.alvarez@northwind.example,Customer Support,Support Agent,E1070,Active,2024-06-08,
E1078,Ava Wilson,ava.wilson@northwind.example,Customer Support,Support Team Lead,E1070,Active,2026-01-27,
E1079,Emma Rojas,emma.rojas@northwind.example,Customer Support,Support Agent,E1070,Active,2020-07-03,
E1080,Tomás Silva,tomas.silva@northwind.example,Customer Support,Support Agent,E1070,Active,2021-04-27,
E1081,Leo Ruiz,leo.ruiz@northwind.example,Customer Support,Support Agent,E1070,Active,2026-03-12,
E1082,Santiago Wilson,santiago.wilson@northwind.example,Customer Support,Support Team Lead,E1070,Active,2024-12-29,
E1083,Camila Castro,camila.castro@northwind.example,Customer Support,Support Agent,E1070,Active,2024-11-08,
E1084,Leo Walker,leo.walker@northwind.example,Customer Support,Support Agent,E1070,Active,2021-01-18,
E1085,Leo Suárez,leo.suarez@northwind.example,Customer Support,Support Agent,E1070,Active,2025-04-15,
E1086,Iván Morales,ivan.morales@northwind.example,Customer Support,Support Team Lead,E1070,Active,2022-05-06,
E1087,Victoria Benítez,victoria.benitez@northwind.example,Customer Support,Support Agent,E1070,Active,2021-11-07,
E1088,Zoe Romero,zoe.romero@northwind.example,Operations,COO,E1001,Active,2021-01-23,
E1089,Benjamín Ruiz,benjamin.ruiz@northwind.example,Operations,Operations Analyst,E1088,Leave,2020-12-07,
E1090,Grace Sosa,grace.sosa@northwind.example,Operations,Payments Operations Specialist,E1088,Active,2023-12-09,
E1091,Emma Herrera,emma.herrera@northwind.example,Operations,Operations Analyst,E1088,Active,2024-04-12,
E1092,Renata Romero,renata.romero@northwind.example,Operations,Payments Operations Specialist,E1088,Active,2021-11-30,
E1093,Julia Romero,julia.romero@northwind.example,Operations,Operations Analyst,E1088,Active,2024-01-18,
E1094,Joaquín Fernández,joaquin.fernandez@northwind.example,Operations,Payments Operations Specialist,E1088,Active,2021-07-27,
E1095,Lucas Torres,lucas.torres@northwind.example,Operations,Operations Analyst,E1088,Active,2022-05-09,
E1096,Benjamín Medina,benjamin.medina@northwind.example,Operations,Payments Operations Specialist,E1088,Active,2024-04-15,
E1097,Leo Brown,leo.brown@northwind.example,Operations,Operations Analyst,E1088,Active,2021-09-09,
E1098,Daniel Sosa,daniel.sosa@northwind.example,Operations,Payments Operations Specialist,E1088,Active,2023-10-13,
E1099,Paula Romero,paula.romero@northwind.example,Operations,Operations Analyst,E1088,Active,2022-02-22,
E1100,Bruno Rojas,bruno.rojas@northwind.example,HR,Head of People,E1001,Active,2025-06-29,
E1101,Valentina Fernández,valentina.fernandez@northwind.example,HR,HR Generalist,E1100,Leave,2020-04-18,
E1102,Elena Romero,elena.romero@northwind.example,HR,Recruiter,E1100,Active,2022-06-19,
E1103,Valentina Sosa,valentina.sosa@northwind.example,HR,HR Business Partner,E1100,Active,2025-02-25,
E1104,Diego Taylor,diego.taylor@northwind.example,HR,HR Generalist,E1100,Active,2025-11-17,
E1105,Lucas Martínez,lucas.martinez@northwind.example,HR,Recruiter,E1100,Active,2025-07-12,
E1106,James Benítez,james.benitez@northwind.example,HR,HR Business Partner,E1100,Active,2021-10-28,
E1107,Agustín Johnson,agustin.johnson@northwind.example,IT,IT Manager,E1001,Active,2026-05-13,
E1108,Sofía Rojas,sofia.rojas@northwind.example,IT,IT Support Specialist,E1107,Terminated,2023-03-25,2026-08-28
E1109,Sofía Torres,sofia.torres@northwind.example,IT,Systems Administrator,E1107,Active,2025-03-22,
E1110,Isabella Álvarez,isabella.alvarez@northwind.example,IT,IAM Analyst,E1107,Active,2021-08-22,
E1111,Bruno Castro,bruno.castro@northwind.example,IT,IT Support Specialist,E1107,Active,2026-07-10,
E1112,Diego Suárez,diego.suarez@northwind.example,IT,Systems Administrator,E1107,Active,2025-09-16,
E1113,Olivia Ortiz,olivia.ortiz@northwind.example,IT,IAM Analyst,E1107,Active,2023-03-04,
E1114,Olivia Taylor,olivia.taylor@northwind.example,IT,IT Support Specialist,E1107,Active,2024-11-22,
E1115,Diego Ruiz,diego.ruiz@northwind.example,IT,Systems Administrator,E1107,Active,2024-01-08,
E1116,Victoria Acosta,victoria.acosta@northwind.example,Security,CISO,E1001,Active,2020-05-26,
E1117,Luna Clark,luna.clark@northwind.example,Security,Security Analyst,E1116,Active,2025-10-04,
E1118,Luna Johnson,luna.johnson@northwind.example,Security,Security Engineer,E1116,Active,2022-05-28,
E1119,Mateo Fernández,mateo.fernandez@northwind.example,Security,Security Analyst,E1116,Active,2026-05-24,
E1120,Emily Davis,emily.davis@northwind.example,Security,Security Engineer,E1116,Active,2020-03-29,
E1121,James Rojas,james.rojas@northwind.example,Security,Security Analyst,E1116,Active,2021-07-10,
